{
  "states": {
    "0": {
      "state": {
        "__type__": "tuple",
        "__value__": [
          "2",
          "2"
        ]
      }
    },
    "1": {
      "state": {
        "__type__": "tuple",
        "__value__": [
          "1",
          "1"
        ]
      }
    },
    "2": {
      "state": {
        "__type__": "tuple",
        "__value__": [
          "2",
          "1"
        ]
      }
    },
    "3": {
      "state": {
        "__type__": "tuple",
        "__value__": [
          "1",
          "2"
        ]
      }
    }
  },
  "transitions": {
    "1": {
      "a & b": 0,
      "a & !b": 2,
      "b & !a": 3,
      "!a & !b": 1
    },
    "3": {
      "a": 0,
      "!a": 3
    },
    "0": {
      "true": 0
    },
    "2": {
      "b": 0,
      "!b": 2
    }
  },
  "init_state": 1,
  "pref_graph": {
    "nodes": {
      "(1, 0)": {
        "__type__": "set",
        "__value__": [
          0,
          2
        ]
      },
      "(0, 1)": {
        "__type__": "set",
        "__value__": [
          3
        ]
      },
      "(0, 0)": {
        "__type__": "set",
        "__value__": [
          1
        ]
      }
    },
    "edges": {
      "(1, 0)": {
        "__type__": "set",
        "__value__": [
          "(1, 0)"
        ]
      },
      "(0, 1)": {
        "__type__": "set",
        "__value__": [
          "(1, 0)",
          "(0, 1)"
        ]
      },
      "(0, 0)": {
        "__type__": "set",
        "__value__": [
          "(1, 0)",
          "(0, 1)",
          "(0, 0)"
        ]
      }
    }
  },
  "alphabet": [
    "a",
    "b"
  ]
}