{
  "__type__": "PrefAutomaton",
  "__value__": {
    "states": {
      "0": {
        "__type__": "tuple",
        "__value__": [
          1,
          1,
          1,
          1
        ]
      },
      "1": {
        "__type__": "tuple",
        "__value__": [
          3,
          4,
          3,
          4
        ]
      },
      "2": {
        "__type__": "tuple",
        "__value__": [
          3,
          6,
          3,
          4
        ]
      },
      "3": {
        "__type__": "tuple",
        "__value__": [
          3,
          3,
          3,
          2
        ]
      },
      "4": {
        "__type__": "tuple",
        "__value__": [
          3,
          2,
          3,
          3
        ]
      },
      "5": {
        "__type__": "tuple",
        "__value__": [
          2,
          5,
          2,
          4
        ]
      },
      "6": {
        "__type__": "tuple",
        "__value__": [
          4,
          5,
          3,
          4
        ]
      },
      "7": {
        "__type__": "tuple",
        "__value__": [
          4,
          4,
          3,
          4
        ]
      },
      "8": {
        "__type__": "tuple",
        "__value__": [
          4,
          6,
          3,
          4
        ]
      },
      "9": {
        "__type__": "tuple",
        "__value__": [
          4,
          3,
          3,
          4
        ]
      },
      "10": {
        "__type__": "tuple",
        "__value__": [
          4,
          2,
          3,
          4
        ]
      }
    },
    "atoms": [
      "o",
      "t",
      "d"
    ],
    "alphabet": null,
    "transitions": {
      "0": {
        "o & t & !d": 10,
        "o & !d & !t": 4,
        "d & !o & !t": 3,
        "t & !d & !o": 5,
        "d & o & t": 7,
        "d & o & !t": 1,
        "d & t & !o": 9,
        "!d & !o & !t": 0
      },
      "1": {
        "d | o | t": 2,
        "!d & !o & !t": 1
      },
      "2": {
        "true": 2
      },
      "3": {
        "o | t": 2,
        "!o & !t": 3
      },
      "4": {
        "d | t": 2,
        "!d & !t": 4
      },
      "5": {
        "!d & !o": 5,
        "d | o": 6
      },
      "6": {
        "true": 6
      },
      "7": {
        "d | o | t": 8,
        "!d & !o & !t": 7
      },
      "8": {
        "true": 8
      },
      "9": {
        "o | t": 8,
        "!o & !t": 9
      },
      "10": {
        "!d & !t": 10,
        "d | t": 8
      }
    },
    "init_state": 0,
    "pref_graph": {
      "nodes": {
        "0": {
          "name": {
            "__type__": "tuple",
            "__value__": [
              0,
              0,
              0,
              1
            ]
          },
          "partition": {
            "__type__": "set",
            "__value__": [
              {
                "__type__": "tuple",
                "__value__": [
                  3,
                  2,
                  3,
                  3
                ]
              },
              {
                "__type__": "tuple",
                "__value__": [
                  1,
                  1,
                  1,
                  1
                ]
              },
              {
                "__type__": "tuple",
                "__value__": [
                  3,
                  3,
                  3,
                  2
                ]
              }
            ]
          }
        },
        "1": {
          "name": {
            "__type__": "tuple",
            "__value__": [
              0,
              0,
              0,
              0
            ]
          },
          "partition": {
            "__type__": "set",
            "__value__": [
              {
                "__type__": "tuple",
                "__value__": [
                  3,
                  4,
                  3,
                  4
                ]
              }
            ]
          }
        },
        "2": {
          "name": {
            "__type__": "tuple",
            "__value__": [
              0,
              1,
              0,
              0
            ]
          },
          "partition": {
            "__type__": "set",
            "__value__": [
              {
                "__type__": "tuple",
                "__value__": [
                  3,
                  6,
                  3,
                  4
                ]
              }
            ]
          }
        },
        "3": {
          "name": {
            "__type__": "tuple",
            "__value__": [
              0,
              0,
              1,
              0
            ]
          },
          "partition": {
            "__type__": "set",
            "__value__": [
              {
                "__type__": "tuple",
                "__value__": [
                  2,
                  5,
                  2,
                  4
                ]
              }
            ]
          }
        },
        "4": {
          "name": {
            "__type__": "tuple",
            "__value__": [
              1,
              0,
              0,
              0
            ]
          },
          "partition": {
            "__type__": "set",
            "__value__": [
              {
                "__type__": "tuple",
                "__value__": [
                  4,
                  4,
                  3,
                  4
                ]
              },
              {
                "__type__": "tuple",
                "__value__": [
                  4,
                  3,
                  3,
                  4
                ]
              },
              {
                "__type__": "tuple",
                "__value__": [
                  4,
                  6,
                  3,
                  4
                ]
              },
              {
                "__type__": "tuple",
                "__value__": [
                  4,
                  5,
                  3,
                  4
                ]
              },
              {
                "__type__": "tuple",
                "__value__": [
                  4,
                  2,
                  3,
                  4
                ]
              }
            ]
          }
        }
      },
      "edges": {
        "0": 4,
        "1": 4,
        "2": 4,
        "3": 4,
        "4": 4
      }
    }
  }
}