{
  "states": {
    "0": {
      "state": {
        "__type__": "tuple",
        "__value__": [
          "2",
          "1",
          "1",
          "2"
        ]
      }
    },
    "1": {
      "state": {
        "__type__": "tuple",
        "__value__": [
          "1",
          "1",
          "1",
          "2"
        ]
      }
    },
    "2": {
      "state": {
        "__type__": "tuple",
        "__value__": [
          "2",
          "2",
          "1",
          "1"
        ]
      }
    },
    "3": {
      "state": {
        "__type__": "tuple",
        "__value__": [
          "1",
          "2",
          "1",
          "2"
        ]
      }
    },
    "4": {
      "state": {
        "__type__": "tuple",
        "__value__": [
          "1",
          "1",
          "2",
          "2"
        ]
      }
    },
    "5": {
      "state": {
        "__type__": "tuple",
        "__value__": [
          "2",
          "2",
          "2",
          "1"
        ]
      }
    },
    "6": {
      "state": {
        "__type__": "tuple",
        "__value__": [
          "2",
          "1",
          "2",
          "1"
        ]
      }
    },
    "7": {
      "state": {
        "__type__": "tuple",
        "__value__": [
          "1",
          "2",
          "1",
          "1"
        ]
      }
    },
    "8": {
      "state": {
        "__type__": "tuple",
        "__value__": [
          "2",
          "2",
          "2",
          "2"
        ]
      }
    },
    "9": {
      "state": {
        "__type__": "tuple",
        "__value__": [
          "1",
          "2",
          "2",
          "1"
        ]
      }
    },
    "10": {
      "state": {
        "__type__": "tuple",
        "__value__": [
          "1",
          "1",
          "1",
          "1"
        ]
      }
    },
    "11": {
      "state": {
        "__type__": "tuple",
        "__value__": [
          "2",
          "1",
          "1",
          "1"
        ]
      }
    },
    "12": {
      "state": {
        "__type__": "tuple",
        "__value__": [
          "1",
          "1",
          "2",
          "1"
        ]
      }
    },
    "13": {
      "state": {
        "__type__": "tuple",
        "__value__": [
          "2",
          "2",
          "1",
          "2"
        ]
      }
    },
    "14": {
      "state": {
        "__type__": "tuple",
        "__value__": [
          "1",
          "2",
          "2",
          "2"
        ]
      }
    },
    "15": {
      "state": {
        "__type__": "tuple",
        "__value__": [
          "2",
          "1",
          "2",
          "2"
        ]
      }
    }
  },
  "transitions": {
    "10": {
      "a & b & c & d": 8,
      "a & b & c & !d": 5,
      "a & b & d & !c": 13,
      "a & b & !c & !d": 2,
      "a & c & d & !b": 15,
      "a & c & !b & !d": 6,
      "a & d & !b & !c": 0,
      "a & !b & !c & !d": 11,
      "b & c & d & !a": 14,
      "b & c & !a & !d": 9,
      "b & d & !a & !c": 3,
      "b & !a & !c & !d": 7,
      "c & d & !a & !b": 4,
      "c & !a & !b & !d": 12,
      "d & !a & !b & !c": 1,
      "!a & !b & !c & !d": 10
    },
    "1": {
      "a & b & c": 8,
      "a & b & !c": 13,
      "a & c & !b": 15,
      "a & !b & !c": 0,
      "b & c & !a": 14,
      "b & !a & !c": 3,
      "c & !a & !b": 4,
      "!a & !b & !c": 1
    },
    "4": {
      "a & b": 8,
      "a & !b": 15,
      "b & !a": 14,
      "!a & !b": 4
    },
    "14": {
      "a": 8,
      "!a": 14
    },
    "8": {
      "true": 8
    },
    "15": {
      "b": 8,
      "!b": 15
    },
    "3": {
      "a & c": 8,
      "a & !c": 13,
      "c & !a": 14,
      "!a & !c": 3
    },
    "13": {
      "c": 8,
      "!c": 13
    },
    "0": {
      "b & c": 8,
      "b & !c": 13,
      "c & !b": 15,
      "!b & !c": 0
    },
    "12": {
      "a & b & d": 8,
      "a & b & !d": 5,
      "a & d & !b": 15,
      "a & !b & !d": 6,
      "b & d & !a": 14,
      "b & !a & !d": 9,
      "d & !a & !b": 4,
      "!a & !b & !d": 12
    },
    "9": {
      "a & d": 8,
      "a & !d": 5,
      "d & !a": 14,
      "!a & !d": 9
    },
    "5": {
      "d": 8,
      "!d": 5
    },
    "6": {
      "b & d": 8,
      "b & !d": 5,
      "d & !b": 15,
      "!b & !d": 6
    },
    "7": {
      "a & c & d": 8,
      "a & c & !d": 5,
      "a & d & !c": 13,
      "a & !c & !d": 2,
      "c & d & !a": 14,
      "c & !a & !d": 9,
      "d & !a & !c": 3,
      "!a & !c & !d": 7
    },
    "2": {
      "c & d": 8,
      "c & !d": 5,
      "d & !c": 13,
      "!c & !d": 2
    },
    "11": {
      "b & c & d": 8,
      "b & c & !d": 5,
      "b & d & !c": 13,
      "b & !c & !d": 2,
      "c & d & !b": 15,
      "c & !b & !d": 6,
      "d & !b & !c": 0,
      "!b & !c & !d": 11
    }
  },
  "init_state": 10,
  "pref_graph": {
    "nodes": {
      "(1, 0, 0, 0)": {
        "__type__": "set",
        "__value__": [
          0,
          11,
          6,
          15
        ]
      },
      "(0, 0, 0, 1)": {
        "__type__": "set",
        "__value__": [
          1
        ]
      },
      "(1, 1, 0, 0)": {
        "__type__": "set",
        "__value__": [
          8,
          2,
          13,
          5
        ]
      },
      "(0, 1, 0, 0)": {
        "__type__": "set",
        "__value__": [
          3,
          7
        ]
      },
      "(0, 0, 1, 1)": {
        "__type__": "set",
        "__value__": [
          4
        ]
      },
      "(0, 1, 1, 0)": {
        "__type__": "set",
        "__value__": [
          9,
          14
        ]
      },
      "(0, 0, 1, 0)": {
        "__type__": "set",
        "__value__": [
          12
        ]
      },
      "(0, 0, 0, 0)": {
        "__type__": "set",
        "__value__": [
          10
        ]
      }
    },
    "edges": {
      "(1, 0, 0, 0)": {
        "__type__": "set",
        "__value__": [
          "(1, 0, 0, 0)"
        ]
      },
      "(0, 0, 0, 1)": {
        "__type__": "set",
        "__value__": [
          "(0, 0, 0, 1)",
          "(1, 0, 0, 0)",
          "(1, 1, 0, 0)",
          "(0, 1, 0, 0)"
        ]
      },
      "(1, 1, 0, 0)": {
        "__type__": "set",
        "__value__": [
          "(1, 1, 0, 0)",
          "(1, 0, 0, 0)",
          "(0, 1, 0, 0)"
        ]
      },
      "(0, 1, 0, 0)": {
        "__type__": "set",
        "__value__": [
          "(0, 1, 0, 0)"
        ]
      },
      "(0, 0, 1, 1)": {
        "__type__": "set",
        "__value__": [
          "(0, 0, 0, 1)",
          "(1, 0, 0, 0)",
          "(0, 0, 1, 1)",
          "(0, 1, 1, 0)",
          "(0, 1, 0, 0)",
          "(1, 1, 0, 0)",
          "(0, 0, 1, 0)"
        ]
      },
      "(0, 1, 1, 0)": {
        "__type__": "set",
        "__value__": [
          "(1, 0, 0, 0)",
          "(0, 1, 1, 0)",
          "(0, 1, 0, 0)",
          "(1, 1, 0, 0)",
          "(0, 0, 1, 0)"
        ]
      },
      "(0, 0, 1, 0)": {
        "__type__": "set",
        "__value__": [
          "(1, 0, 0, 0)",
          "(0, 0, 1, 0)"
        ]
      },
      "(0, 0, 0, 0)": {
        "__type__": "set",
        "__value__": [
          "(0, 0, 0, 1)",
          "(1, 0, 0, 0)",
          "(0, 0, 1, 1)",
          "(0, 0, 0, 0)",
          "(0, 1, 1, 0)",
          "(0, 1, 0, 0)",
          "(1, 1, 0, 0)",
          "(0, 0, 1, 0)"
        ]
      }
    }
  },
  "alphabet": [
    "c",
    "b",
    "a",
    "d"
  ]
}