{
  "states": {
    "0": {
      "state": {
        "__type__": "tuple",
        "__value__": [
          "1",
          "1",
          "2",
          "2"
        ]
      }
    },
    "1": {
      "state": {
        "__type__": "tuple",
        "__value__": [
          "1",
          "2",
          "2",
          "1"
        ]
      }
    },
    "2": {
      "state": {
        "__type__": "tuple",
        "__value__": [
          "2",
          "1",
          "2",
          "1"
        ]
      }
    },
    "3": {
      "state": {
        "__type__": "tuple",
        "__value__": [
          "2",
          "2",
          "1",
          "1"
        ]
      }
    },
    "4": {
      "state": {
        "__type__": "tuple",
        "__value__": [
          "1",
          "1",
          "2",
          "1"
        ]
      }
    },
    "5": {
      "state": {
        "__type__": "tuple",
        "__value__": [
          "2",
          "1",
          "1",
          "2"
        ]
      }
    },
    "6": {
      "state": {
        "__type__": "tuple",
        "__value__": [
          "1",
          "2",
          "1",
          "2"
        ]
      }
    },
    "7": {
      "state": {
        "__type__": "tuple",
        "__value__": [
          "2",
          "2",
          "2",
          "1"
        ]
      }
    },
    "8": {
      "state": {
        "__type__": "tuple",
        "__value__": [
          "1",
          "1",
          "1",
          "2"
        ]
      }
    },
    "9": {
      "state": {
        "__type__": "tuple",
        "__value__": [
          "1",
          "2",
          "1",
          "1"
        ]
      }
    },
    "10": {
      "state": {
        "__type__": "tuple",
        "__value__": [
          "2",
          "1",
          "1",
          "1"
        ]
      }
    },
    "11": {
      "state": {
        "__type__": "tuple",
        "__value__": [
          "1",
          "1",
          "1",
          "1"
        ]
      }
    },
    "12": {
      "state": {
        "__type__": "tuple",
        "__value__": [
          "2",
          "1",
          "2",
          "2"
        ]
      }
    },
    "13": {
      "state": {
        "__type__": "tuple",
        "__value__": [
          "1",
          "2",
          "2",
          "2"
        ]
      }
    },
    "14": {
      "state": {
        "__type__": "tuple",
        "__value__": [
          "2",
          "2",
          "2",
          "2"
        ]
      }
    },
    "15": {
      "state": {
        "__type__": "tuple",
        "__value__": [
          "2",
          "2",
          "1",
          "2"
        ]
      }
    }
  },
  "transitions": {
    "11": {
      "a & b & c & d": 14,
      "a & b & c & !d": 7,
      "a & b & d & !c": 15,
      "a & b & !c & !d": 3,
      "a & c & d & !b": 12,
      "a & c & !b & !d": 2,
      "a & d & !b & !c": 5,
      "a & !b & !c & !d": 10,
      "b & c & d & !a": 13,
      "b & c & !a & !d": 1,
      "b & d & !a & !c": 6,
      "b & !a & !c & !d": 9,
      "c & d & !a & !b": 0,
      "c & !a & !b & !d": 4,
      "d & !a & !b & !c": 8,
      "!a & !b & !c & !d": 11
    },
    "8": {
      "a & b & c": 14,
      "a & b & !c": 15,
      "a & c & !b": 12,
      "a & !b & !c": 5,
      "b & c & !a": 13,
      "b & !a & !c": 6,
      "c & !a & !b": 0,
      "!a & !b & !c": 8
    },
    "0": {
      "a & b": 14,
      "a & !b": 12,
      "b & !a": 13,
      "!a & !b": 0
    },
    "13": {
      "a": 14,
      "!a": 13
    },
    "14": {
      "true": 14
    },
    "12": {
      "b": 14,
      "!b": 12
    },
    "6": {
      "a & c": 14,
      "a & !c": 15,
      "c & !a": 13,
      "!a & !c": 6
    },
    "15": {
      "c": 14,
      "!c": 15
    },
    "5": {
      "b & c": 14,
      "b & !c": 15,
      "c & !b": 12,
      "!b & !c": 5
    },
    "4": {
      "a & b & d": 14,
      "a & b & !d": 7,
      "a & d & !b": 12,
      "a & !b & !d": 2,
      "b & d & !a": 13,
      "b & !a & !d": 1,
      "d & !a & !b": 0,
      "!a & !b & !d": 4
    },
    "1": {
      "a & d": 14,
      "a & !d": 7,
      "d & !a": 13,
      "!a & !d": 1
    },
    "7": {
      "d": 14,
      "!d": 7
    },
    "2": {
      "b & d": 14,
      "b & !d": 7,
      "d & !b": 12,
      "!b & !d": 2
    },
    "9": {
      "a & c & d": 14,
      "a & c & !d": 7,
      "a & d & !c": 15,
      "a & !c & !d": 3,
      "c & d & !a": 13,
      "c & !a & !d": 1,
      "d & !a & !c": 6,
      "!a & !c & !d": 9
    },
    "3": {
      "c & d": 14,
      "c & !d": 7,
      "d & !c": 15,
      "!c & !d": 3
    },
    "10": {
      "b & c & d": 14,
      "b & c & !d": 7,
      "b & d & !c": 15,
      "b & !c & !d": 3,
      "c & d & !b": 12,
      "c & !b & !d": 2,
      "d & !b & !c": 5,
      "!b & !c & !d": 10
    }
  },
  "init_state": 11,
  "pref_graph": {
    "nodes": {
      "(0, 0, 1, 1)": {
        "__type__": "set",
        "__value__": [
          0
        ]
      },
      "(0, 1, 1, 0)": {
        "__type__": "set",
        "__value__": [
          1,
          13
        ]
      },
      "(1, 0, 0, 0)": {
        "__type__": "set",
        "__value__": [
          2,
          10,
          12,
          5
        ]
      },
      "(1, 1, 0, 0)": {
        "__type__": "set",
        "__value__": [
          3,
          15,
          14,
          7
        ]
      },
      "(0, 0, 1, 0)": {
        "__type__": "set",
        "__value__": [
          4
        ]
      },
      "(0, 1, 0, 0)": {
        "__type__": "set",
        "__value__": [
          9,
          6
        ]
      },
      "(0, 0, 0, 1)": {
        "__type__": "set",
        "__value__": [
          8
        ]
      },
      "(0, 0, 0, 0)": {
        "__type__": "set",
        "__value__": [
          11
        ]
      }
    },
    "edges": {
      "(0, 0, 1, 1)": {
        "__type__": "set",
        "__value__": [
          "(1, 0, 0, 0)",
          "(0, 0, 1, 1)"
        ]
      },
      "(0, 1, 1, 0)": {
        "__type__": "set",
        "__value__": [
          "(0, 1, 1, 0)"
        ]
      },
      "(1, 0, 0, 0)": {
        "__type__": "set",
        "__value__": [
          "(1, 0, 0, 0)"
        ]
      },
      "(1, 1, 0, 0)": {
        "__type__": "set",
        "__value__": [
          "(1, 1, 0, 0)"
        ]
      },
      "(0, 0, 1, 0)": {
        "__type__": "set",
        "__value__": [
          "(1, 0, 0, 0)",
          "(0, 0, 1, 0)"
        ]
      },
      "(0, 1, 0, 0)": {
        "__type__": "set",
        "__value__": [
          "(0, 1, 0, 0)"
        ]
      },
      "(0, 0, 0, 1)": {
        "__type__": "set",
        "__value__": [
          "(1, 0, 0, 0)",
          "(0, 0, 0, 1)",
          "(0, 1, 0, 0)",
          "(1, 1, 0, 0)"
        ]
      },
      "(0, 0, 0, 0)": {
        "__type__": "set",
        "__value__": [
          "(0, 1, 0, 0)",
          "(0, 0, 1, 1)",
          "(0, 0, 0, 0)",
          "(0, 0, 0, 1)",
          "(0, 1, 1, 0)",
          "(1, 0, 0, 0)",
          "(1, 1, 0, 0)",
          "(0, 0, 1, 0)"
        ]
      }
    }
  },
  "alphabet": [
    "a",
    "b",
    "d",
    "c"
  ]
}