{
  "states": {
    "0": {
      "state": {
        "__type__": "tuple",
        "__value__": [
          "1",
          "2",
          "1"
        ]
      }
    },
    "1": {
      "state": {
        "__type__": "tuple",
        "__value__": [
          "1",
          "2",
          "2"
        ]
      }
    },
    "2": {
      "state": {
        "__type__": "tuple",
        "__value__": [
          "2",
          "1",
          "1"
        ]
      }
    },
    "3": {
      "state": {
        "__type__": "tuple",
        "__value__": [
          "2",
          "1",
          "2"
        ]
      }
    },
    "4": {
      "state": {
        "__type__": "tuple",
        "__value__": [
          "1",
          "1",
          "1"
        ]
      }
    },
    "5": {
      "state": {
        "__type__": "tuple",
        "__value__": [
          "1",
          "1",
          "2"
        ]
      }
    },
    "6": {
      "state": {
        "__type__": "tuple",
        "__value__": [
          "2",
          "2",
          "1"
        ]
      }
    },
    "7": {
      "state": {
        "__type__": "tuple",
        "__value__": [
          "2",
          "2",
          "2"
        ]
      }
    }
  },
  "transitions": {
    "4": {
      "a & !b & !c": 2,
      "b & !a & !c": 0,
      "c & !a & !b": 5,
      "!a & !b & !c": 4
    },
    "5": {
      "a & !b": 3,
      "b & !a": 1,
      "!a & !b": 5
    },
    "1": {
      "a": 7,
      "!a": 1
    },
    "7": {
      "true": 7
    },
    "3": {
      "b": 7,
      "!b": 3
    },
    "0": {
      "a & !c": 6,
      "c & !a": 1,
      "!a & !c": 0
    },
    "6": {
      "c": 7,
      "!c": 6
    },
    "2": {
      "b & !c": 6,
      "c & !b": 3,
      "!b & !c": 2
    }
  },
  "init_state": 4,
  "pref_graph": {
    "nodes": {
      "(0, 1, 0)": {
        "__type__": "set",
        "__value__": [
          0,
          6
        ]
      },
      "(0, 1, 1)": {
        "__type__": "set",
        "__value__": [
          1,
          7
        ]
      },
      "(1, 0, 0)": {
        "__type__": "set",
        "__value__": [
          2
        ]
      },
      "(0, 0, 1)": {
        "__type__": "set",
        "__value__": [
          3,
          5
        ]
      },
      "(0, 0, 0)": {
        "__type__": "set",
        "__value__": [
          4
        ]
      }
    },
    "edges": {
      "(0, 1, 0)": {
        "__type__": "set",
        "__value__": [
          "(0, 1, 0)"
        ]
      },
      "(0, 1, 1)": {
        "__type__": "set",
        "__value__": [
          "(0, 0, 1)",
          "(0, 1, 0)",
          "(0, 1, 1)"
        ]
      },
      "(1, 0, 0)": {
        "__type__": "set",
        "__value__": [
          "(0, 0, 1)",
          "(0, 1, 0)",
          "(0, 1, 1)",
          "(1, 0, 0)"
        ]
      },
      "(0, 0, 1)": {
        "__type__": "set",
        "__value__": [
          "(0, 0, 1)"
        ]
      },
      "(0, 0, 0)": {
        "__type__": "set",
        "__value__": [
          "(0, 0, 0)",
          "(0, 1, 0)",
          "(0, 1, 1)",
          "(0, 0, 1)",
          "(1, 0, 0)"
        ]
      }
    }
  },
  "alphabet": [
    {
      "__type__": "set",
      "__value__": []
    },
    {
      "__type__": "set",
      "__value__": [
        "a"
      ]
    },
    {
      "__type__": "set",
      "__value__": [
        "b"
      ]
    },
    {
      "__type__": "set",
      "__value__": [
        "c"
      ]
    }
  ]
}