{
  "states": {
    "0": {
      "state": {
        "__type__": "tuple",
        "__value__": [
          "3",
          "6",
          "3",
          "4"
        ]
      }
    },
    "1": {
      "state": {
        "__type__": "tuple",
        "__value__": [
          "3",
          "3",
          "3",
          "2"
        ]
      }
    },
    "2": {
      "state": {
        "__type__": "tuple",
        "__value__": [
          "1",
          "1",
          "1",
          "1"
        ]
      }
    },
    "5": {
      "state": {
        "__type__": "tuple",
        "__value__": [
          "3",
          "2",
          "3",
          "3"
        ]
      }
    },
    "6": {
      "state": {
        "__type__": "tuple",
        "__value__": [
          "2",
          "5",
          "2",
          "4"
        ]
      }
    },
    "9": {
      "state": {
        "__type__": "tuple",
        "__value__": [
          "4",
          "5",
          "3",
          "4"
        ]
      }
    }
  },
  "transitions": {
    "2": {
      "!d & !o & !t": 2,
      "t & !d & !o": 6,
      "o & !d & !t": 5,
      "d & !o & !t": 1
    },
    "0": {
      "true": 0
    },
    "1": {
      "o | t": 0,
      "!o & !t": 1
    },
    "5": {
      "d | t": 0,
      "!d & !t": 5
    },
    "6": {
      "d | o": 9,
      "!d & !o": 6
    },
    "9": {
      "true": 9
    }
  },
  "init_state": 2,
  "pref_graph": {
    "nodes": {
      "(0, 1, 0, 0)": {
        "__type__": "set",
        "__value__": [
          0
        ]
      },
      "(0, 0, 0, 1)": {
        "__type__": "set",
        "__value__": [
          1,
          2,
          5
        ]
      },
      "(1, 0, 0, 0)": {
        "__type__": "set",
        "__value__": [
          9
        ]
      },
      "(0, 0, 1, 0)": {
        "__type__": "set",
        "__value__": [
          6
        ]
      }
    },
    "edges": {
      "(0, 1, 0, 0)": {
        "__type__": "set",
        "__value__": [
          "(1, 0, 0, 0)",
          "(0, 1, 0, 0)"
        ]
      },
      "(0, 0, 0, 1)": {
        "__type__": "set",
        "__value__": [
          "(1, 0, 0, 0)",
          "(0, 1, 0, 0)",
          "(0, 0, 1, 0)",
          "(0, 0, 0, 1)"
        ]
      },
      "(1, 0, 0, 0)": {
        "__type__": "set",
        "__value__": [
          "(1, 0, 0, 0)"
        ]
      },
      "(0, 0, 1, 0)": {
        "__type__": "set",
        "__value__": [
          "(1, 0, 0, 0)",
          "(0, 0, 1, 0)"
        ]
      }
    }
  },
  "alphabet": [
    {
      "__type__": "set",
      "__value__": []
    },
    {
      "__type__": "set",
      "__value__": [
        "t"
      ]
    },
    {
      "__type__": "set",
      "__value__": [
        "d"
      ]
    },
    {
      "__type__": "set",
      "__value__": [
        "o"
      ]
    }
  ]
}