{
  "states": {
    "0": {
      "state": {
        "__type__": "tuple",
        "__value__": [
          "3",
          "3",
          "3",
          "2"
        ]
      }
    },
    "1": {
      "state": {
        "__type__": "tuple",
        "__value__": [
          "4",
          "5",
          "3",
          "4"
        ]
      }
    },
    "2": {
      "state": {
        "__type__": "tuple",
        "__value__": [
          "4",
          "6",
          "3",
          "4"
        ]
      }
    },
    "3": {
      "state": {
        "__type__": "tuple",
        "__value__": [
          "3",
          "2",
          "3",
          "3"
        ]
      }
    },
    "4": {
      "state": {
        "__type__": "tuple",
        "__value__": [
          "2",
          "5",
          "2",
          "4"
        ]
      }
    },
    "5": {
      "state": {
        "__type__": "tuple",
        "__value__": [
          "4",
          "3",
          "3",
          "4"
        ]
      }
    },
    "6": {
      "state": {
        "__type__": "tuple",
        "__value__": [
          "3",
          "4",
          "3",
          "4"
        ]
      }
    },
    "7": {
      "state": {
        "__type__": "tuple",
        "__value__": [
          "4",
          "4",
          "3",
          "4"
        ]
      }
    },
    "8": {
      "state": {
        "__type__": "tuple",
        "__value__": [
          "4",
          "2",
          "3",
          "4"
        ]
      }
    },
    "9": {
      "state": {
        "__type__": "tuple",
        "__value__": [
          "1",
          "1",
          "1",
          "1"
        ]
      }
    },
    "10": {
      "state": {
        "__type__": "tuple",
        "__value__": [
          "3",
          "6",
          "3",
          "4"
        ]
      }
    }
  },
  "transitions": {
    "9": {
      "o & t & !d": 8,
      "d & t & !o": 5,
      "d & o & t": 7,
      "!d & !o & !t": 9,
      "t & !d & !o": 4,
      "o & !d & !t": 3,
      "d & !o & !t": 0,
      "d & o & !t": 6
    },
    "6": {
      "d | o | t": 10,
      "!d & !o & !t": 6
    },
    "10": {
      "true": 10
    },
    "0": {
      "o | t": 10,
      "!o & !t": 0
    },
    "3": {
      "d | t": 10,
      "!d & !t": 3
    },
    "4": {
      "d | o": 1,
      "!d & !o": 4
    },
    "1": {
      "true": 1
    },
    "7": {
      "d | o | t": 2,
      "!d & !o & !t": 7
    },
    "2": {
      "true": 2
    },
    "5": {
      "o | t": 2,
      "!o & !t": 5
    },
    "8": {
      "d | t": 2,
      "!d & !t": 8
    }
  },
  "init_state": 9,
  "pref_graph": {
    "nodes": {
      "(0, 0, 0, 1)": {
        "__type__": "set",
        "__value__": [
          0,
          9,
          3
        ]
      },
      "(1, 0, 0, 0)": {
        "__type__": "set",
        "__value__": [
          1,
          2,
          5,
          7,
          8
        ]
      },
      "(0, 0, 1, 0)": {
        "__type__": "set",
        "__value__": [
          4
        ]
      },
      "(0, 1, 0, 0)": {
        "__type__": "set",
        "__value__": [
          10
        ]
      },
      "(0, 0, 0, 0)": {
        "__type__": "set",
        "__value__": [
          6
        ]
      }
    },
    "edges": {
      "(0, 0, 0, 1)": {
        "__type__": "set",
        "__value__": [
          "(0, 1, 0, 0)",
          "(1, 0, 0, 0)",
          "(0, 0, 1, 0)",
          "(0, 0, 0, 1)"
        ]
      },
      "(1, 0, 0, 0)": {
        "__type__": "set",
        "__value__": [
          "(1, 0, 0, 0)"
        ]
      },
      "(0, 0, 1, 0)": {
        "__type__": "set",
        "__value__": [
          "(1, 0, 0, 0)",
          "(0, 0, 1, 0)"
        ]
      },
      "(0, 1, 0, 0)": {
        "__type__": "set",
        "__value__": [
          "(0, 1, 0, 0)",
          "(1, 0, 0, 0)"
        ]
      },
      "(0, 0, 0, 0)": {
        "__type__": "set",
        "__value__": [
          "(0, 1, 0, 0)",
          "(0, 0, 0, 0)",
          "(1, 0, 0, 0)",
          "(0, 0, 0, 1)",
          "(0, 0, 1, 0)"
        ]
      }
    }
  },
  "alphabet": [
    "d",
    "t",
    "o"
  ]
}