{
  "__type__": "PrefAutomaton",
  "__value__": {
    "states": {
      "0": {
        "__type__": "tuple",
        "__value__": [
          1,
          1,
          1,
          1
        ]
      },
      "1": {
        "__type__": "tuple",
        "__value__": [
          1,
          1,
          2,
          1
        ]
      },
      "2": {
        "__type__": "tuple",
        "__value__": [
          1,
          2,
          2,
          1
        ]
      },
      "3": {
        "__type__": "tuple",
        "__value__": [
          2,
          2,
          2,
          1
        ]
      },
      "4": {
        "__type__": "tuple",
        "__value__": [
          2,
          2,
          2,
          2
        ]
      },
      "5": {
        "__type__": "tuple",
        "__value__": [
          2,
          1,
          2,
          1
        ]
      },
      "6": {
        "__type__": "tuple",
        "__value__": [
          2,
          1,
          2,
          2
        ]
      },
      "7": {
        "__type__": "tuple",
        "__value__": [
          1,
          2,
          1,
          1
        ]
      },
      "8": {
        "__type__": "tuple",
        "__value__": [
          2,
          2,
          1,
          1
        ]
      },
      "9": {
        "__type__": "tuple",
        "__value__": [
          2,
          2,
          1,
          2
        ]
      },
      "10": {
        "__type__": "tuple",
        "__value__": [
          2,
          1,
          1,
          1
        ]
      },
      "11": {
        "__type__": "tuple",
        "__value__": [
          2,
          1,
          1,
          2
        ]
      }
    },
    "atoms": [
      "a",
      "c",
      "b",
      "d"
    ],
    "alphabet": null,
    "transitions": {
      "0": {
        "b & !a & !c": 7,
        "b & c & !a": 2,
        "a & !b & !c & !d": 10,
        "a & b & d & !c": 9,
        "a & b & c & d": 4,
        "a & c & !b & !d": 5,
        "a & d & !b & !c": 11,
        "!a & !b & !c": 0,
        "a & b & !c & !d": 8,
        "a & c & d & !b": 6,
        "c & !a & !b": 1,
        "a & b & c & !d": 3
      },
      "1": {
        "a & b & d": 4,
        "!a & !b": 1,
        "a & !b & !d": 5,
        "a & b & !d": 3,
        "b & !a": 2,
        "a & d & !b": 6
      },
      "2": {
        "!a": 2,
        "a & d": 4,
        "a & !d": 3
      },
      "3": {
        "a & d": 4,
        "!a | !d": 3
      },
      "4": {
        "true": 4
      },
      "5": {
        "b & (!a | !d)": 3,
        "a & b & d": 4,
        "!b & (!a | !d)": 5,
        "a & d & !b": 6
      },
      "6": {
        "b": 4,
        "!b": 6
      },
      "7": {
        "a & c & !d": 3,
        "a & d & !c": 9,
        "a & !c & !d": 8,
        "!a & !c": 7,
        "c & !a": 2,
        "a & c & d": 4
      },
      "8": {
        "a & c & d": 4,
        "c & (!a | !d)": 3,
        "a & d & !c": 9,
        "!c & (!a | !d)": 8
      },
      "9": {
        "!c": 9,
        "c": 4
      },
      "10": {
        "c & !b & (!a | !d)": 5,
        "a & b & c & d": 4,
        "b & c & (!a | !d)": 3,
        "a & c & d & !b": 6,
        "a & d & !b & !c": 11,
        "b & !c & (!a | !d)": 8,
        "!b & !c & (!a | !d)": 10,
        "a & b & d & !c": 9
      },
      "11": {
        "!b & !c": 11,
        "c & !b": 6,
        "b & c": 4,
        "b & !c": 9
      }
    },
    "init_state": 0,
    "pref_graph": {
      "nodes": {
        "0": {
          "name": {
            "__type__": "tuple",
            "__value__": [
              0,
              0,
              0,
              0
            ]
          },
          "partition": {
            "__type__": "set",
            "__value__": [
              {
                "__type__": "tuple",
                "__value__": [
                  1,
                  1,
                  1,
                  1
                ]
              }
            ]
          }
        },
        "1": {
          "name": {
            "__type__": "tuple",
            "__value__": [
              0,
              0,
              1,
              0
            ]
          },
          "partition": {
            "__type__": "set",
            "__value__": [
              {
                "__type__": "tuple",
                "__value__": [
                  1,
                  1,
                  2,
                  1
                ]
              }
            ]
          }
        },
        "2": {
          "name": {
            "__type__": "tuple",
            "__value__": [
              0,
              1,
              1,
              0
            ]
          },
          "partition": {
            "__type__": "set",
            "__value__": [
              {
                "__type__": "tuple",
                "__value__": [
                  1,
                  2,
                  2,
                  1
                ]
              }
            ]
          }
        },
        "3": {
          "name": {
            "__type__": "tuple",
            "__value__": [
              1,
              0,
              0,
              0
            ]
          },
          "partition": {
            "__type__": "set",
            "__value__": [
              {
                "__type__": "tuple",
                "__value__": [
                  2,
                  1,
                  2,
                  2
                ]
              },
              {
                "__type__": "tuple",
                "__value__": [
                  2,
                  2,
                  1,
                  1
                ]
              },
              {
                "__type__": "tuple",
                "__value__": [
                  2,
                  1,
                  1,
                  2
                ]
              },
              {
                "__type__": "tuple",
                "__value__": [
                  2,
                  2,
                  2,
                  2
                ]
              },
              {
                "__type__": "tuple",
                "__value__": [
                  2,
                  1,
                  2,
                  1
                ]
              },
              {
                "__type__": "tuple",
                "__value__": [
                  2,
                  1,
                  1,
                  1
                ]
              },
              {
                "__type__": "tuple",
                "__value__": [
                  2,
                  2,
                  2,
                  1
                ]
              },
              {
                "__type__": "tuple",
                "__value__": [
                  2,
                  2,
                  1,
                  2
                ]
              }
            ]
          }
        },
        "4": {
          "name": {
            "__type__": "tuple",
            "__value__": [
              0,
              1,
              0,
              0
            ]
          },
          "partition": {
            "__type__": "set",
            "__value__": [
              {
                "__type__": "tuple",
                "__value__": [
                  1,
                  2,
                  1,
                  1
                ]
              }
            ]
          }
        }
      },
      "edges": {
        "0": 4,
        "1": 3,
        "2": 4,
        "3": 3,
        "4": 4
      }
    }
  }
}