{
  "__type__": "PrefAutomaton",
  "__value__": {
    "states": {
      "0": {
        "__type__": "tuple",
        "__value__": [
          1,
          1,
          1,
          1,
          1,
          1
        ]
      },
      "1": {
        "__type__": "tuple",
        "__value__": [
          1,
          1,
          2,
          1,
          1,
          2
        ]
      },
      "2": {
        "__type__": "tuple",
        "__value__": [
          1,
          2,
          2,
          1,
          2,
          2
        ]
      },
      "3": {
        "__type__": "tuple",
        "__value__": [
          2,
          2,
          2,
          2,
          2,
          2
        ]
      },
      "4": {
        "__type__": "tuple",
        "__value__": [
          2,
          1,
          2,
          2,
          1,
          2
        ]
      },
      "5": {
        "__type__": "tuple",
        "__value__": [
          1,
          2,
          1,
          1,
          2,
          1
        ]
      },
      "6": {
        "__type__": "tuple",
        "__value__": [
          2,
          2,
          1,
          2,
          2,
          1
        ]
      },
      "7": {
        "__type__": "tuple",
        "__value__": [
          2,
          1,
          1,
          2,
          1,
          1
        ]
      }
    },
    "atoms": [
      "a",
      "b",
      "c"
    ],
    "alphabet": null,
    "transitions": {
      "0": {
        "c & !a & !b": 1,
        "a & b & !c": 6,
        "b & c & !a": 2,
        "a & b & c": 3,
        "a & !b & !c": 7,
        "!a & !b & !c": 0,
        "a & c & !b": 4,
        "b & !a & !c": 5
      },
      "1": {
        "b & !a": 2,
        "a & b": 3,
        "a & !b": 4,
        "!a & !b": 1
      },
      "2": {
        "a": 3,
        "!a": 2
      },
      "3": {
        "true": 3
      },
      "4": {
        "b": 3,
        "!b": 4
      },
      "5": {
        "a & !c": 6,
        "c & !a": 2,
        "!a & !c": 5,
        "a & c": 3
      },
      "6": {
        "c": 3,
        "!c": 6
      },
      "7": {
        "b & !c": 6,
        "c & !b": 4,
        "b & c": 3,
        "!b & !c": 7
      }
    },
    "init_state": 0,
    "pref_graph": {
      "nodes": {
        "0": {
          "name": {
            "__type__": "tuple",
            "__value__": [
              0,
              0,
              0,
              1,
              1,
              1
            ]
          },
          "partition": {
            "__type__": "set",
            "__value__": [
              {
                "__type__": "tuple",
                "__value__": [
                  1,
                  1,
                  1,
                  1,
                  1,
                  1
                ]
              }
            ]
          }
        },
        "1": {
          "name": {
            "__type__": "tuple",
            "__value__": [
              0,
              0,
              1,
              1,
              1,
              0
            ]
          },
          "partition": {
            "__type__": "set",
            "__value__": [
              {
                "__type__": "tuple",
                "__value__": [
                  1,
                  1,
                  2,
                  1,
                  1,
                  2
                ]
              }
            ]
          }
        },
        "2": {
          "name": {
            "__type__": "tuple",
            "__value__": [
              0,
              1,
              1,
              1,
              0,
              0
            ]
          },
          "partition": {
            "__type__": "set",
            "__value__": [
              {
                "__type__": "tuple",
                "__value__": [
                  1,
                  2,
                  2,
                  1,
                  2,
                  2
                ]
              }
            ]
          }
        },
        "3": {
          "name": {
            "__type__": "tuple",
            "__value__": [
              1,
              0,
              0,
              0,
              0,
              0
            ]
          },
          "partition": {
            "__type__": "set",
            "__value__": [
              {
                "__type__": "tuple",
                "__value__": [
                  2,
                  2,
                  1,
                  2,
                  2,
                  1
                ]
              },
              {
                "__type__": "tuple",
                "__value__": [
                  2,
                  1,
                  1,
                  2,
                  1,
                  1
                ]
              },
              {
                "__type__": "tuple",
                "__value__": [
                  2,
                  1,
                  2,
                  2,
                  1,
                  2
                ]
              },
              {
                "__type__": "tuple",
                "__value__": [
                  2,
                  2,
                  2,
                  2,
                  2,
                  2
                ]
              }
            ]
          }
        },
        "4": {
          "name": {
            "__type__": "tuple",
            "__value__": [
              0,
              1,
              0,
              1,
              0,
              1
            ]
          },
          "partition": {
            "__type__": "set",
            "__value__": [
              {
                "__type__": "tuple",
                "__value__": [
                  1,
                  2,
                  1,
                  1,
                  2,
                  1
                ]
              }
            ]
          }
        }
      },
      "edges": {
        "0": 4,
        "1": 3,
        "2": 3,
        "3": 3,
        "4": 4
      }
    }
  }
}