{
  "__type__": "PrefAutomaton",
  "__value__": {
    "states": {
      "0": {
        "__type__": "tuple",
        "__value__": [
          1,
          1
        ]
      }
    },
    "atoms": [
      "b",
      "a"
    ],
    "alphabet": null,
    "transitions": {
      "0": {}
    },
    "init_state": 0,
    "pref_graph": {
      "nodes": {
        "0": {
          "name": {
            "__type__": "tuple",
            "__value__": [
              0,
              0
            ]
          },
          "partition": {
            "__type__": "set",
            "__value__": [
              {
                "__type__": "tuple",
                "__value__": [
                  1,
                  1
                ]
              }
            ]
          }
        }
      },
      "edges": {
        "0": 0
      }
    }
  }
}