{
  "__type__": "PrefAutomaton",
  "__value__": {
    "states": {
      "0": {
        "__type__": "tuple",
        "__value__": [
          1,
          1,
          1,
          1
        ]
      },
      "1": {
        "__type__": "tuple",
        "__value__": [
          3,
          3,
          3,
          2
        ]
      },
      "2": {
        "__type__": "tuple",
        "__value__": [
          3,
          6,
          3,
          4
        ]
      },
      "3": {
        "__type__": "tuple",
        "__value__": [
          3,
          2,
          3,
          3
        ]
      },
      "4": {
        "__type__": "tuple",
        "__value__": [
          2,
          5,
          2,
          4
        ]
      },
      "5": {
        "__type__": "tuple",
        "__value__": [
          4,
          5,
          3,
          4
        ]
      }
    },
    "atoms": [
      "o",
      "t",
      "d"
    ],
    "alphabet": [
      {
        "__type__": "set",
        "__value__": []
      },
      {
        "__type__": "set",
        "__value__": [
          "d"
        ]
      },
      {
        "__type__": "set",
        "__value__": [
          "o"
        ]
      },
      {
        "__type__": "set",
        "__value__": [
          "t"
        ]
      }
    ],
    "transitions": {
      "0": {
        "d & !o & !t": 1,
        "t & !d & !o": 4,
        "o & !d & !t": 3,
        "!d & !o & !t": 0
      },
      "1": {
        "!o & !t": 1,
        "o | t": 2
      },
      "2": {
        "true": 2
      },
      "3": {
        "!d & !t": 3,
        "d | t": 2
      },
      "4": {
        "!d & !o": 4,
        "d | o": 5
      },
      "5": {
        "true": 5
      }
    },
    "init_state": 0,
    "pref_graph": {
      "nodes": {
        "0": {
          "name": {
            "__type__": "tuple",
            "__value__": [
              0,
              0,
              0,
              1
            ]
          },
          "partition": {
            "__type__": "set",
            "__value__": [
              {
                "__type__": "tuple",
                "__value__": [
                  3,
                  2,
                  3,
                  3
                ]
              },
              {
                "__type__": "tuple",
                "__value__": [
                  1,
                  1,
                  1,
                  1
                ]
              },
              {
                "__type__": "tuple",
                "__value__": [
                  3,
                  3,
                  3,
                  2
                ]
              }
            ]
          }
        },
        "1": {
          "name": {
            "__type__": "tuple",
            "__value__": [
              0,
              1,
              0,
              0
            ]
          },
          "partition": {
            "__type__": "set",
            "__value__": [
              {
                "__type__": "tuple",
                "__value__": [
                  3,
                  6,
                  3,
                  4
                ]
              }
            ]
          }
        },
        "2": {
          "name": {
            "__type__": "tuple",
            "__value__": [
              0,
              0,
              1,
              0
            ]
          },
          "partition": {
            "__type__": "set",
            "__value__": [
              {
                "__type__": "tuple",
                "__value__": [
                  2,
                  5,
                  2,
                  4
                ]
              }
            ]
          }
        },
        "3": {
          "name": {
            "__type__": "tuple",
            "__value__": [
              1,
              0,
              0,
              0
            ]
          },
          "partition": {
            "__type__": "set",
            "__value__": [
              {
                "__type__": "tuple",
                "__value__": [
                  4,
                  5,
                  3,
                  4
                ]
              }
            ]
          }
        }
      },
      "edges": {
        "0": 3,
        "1": 3,
        "2": 3,
        "3": 3
      }
    }
  }
}