{
  "states": {
    "0": {
      "state": {
        "__type__": "tuple",
        "__value__": [
          "2",
          "1",
          "2",
          "2",
          "1",
          "2"
        ]
      }
    },
    "1": {
      "state": {
        "__type__": "tuple",
        "__value__": [
          "1",
          "2",
          "1",
          "1",
          "2",
          "1"
        ]
      }
    },
    "2": {
      "state": {
        "__type__": "tuple",
        "__value__": [
          "2",
          "2",
          "1",
          "2",
          "2",
          "1"
        ]
      }
    },
    "3": {
      "state": {
        "__type__": "tuple",
        "__value__": [
          "1",
          "1",
          "1",
          "1",
          "1",
          "1"
        ]
      }
    },
    "4": {
      "state": {
        "__type__": "tuple",
        "__value__": [
          "1",
          "2",
          "2",
          "1",
          "2",
          "2"
        ]
      }
    },
    "5": {
      "state": {
        "__type__": "tuple",
        "__value__": [
          "2",
          "2",
          "2",
          "2",
          "2",
          "2"
        ]
      }
    },
    "6": {
      "state": {
        "__type__": "tuple",
        "__value__": [
          "1",
          "1",
          "2",
          "1",
          "1",
          "2"
        ]
      }
    },
    "7": {
      "state": {
        "__type__": "tuple",
        "__value__": [
          "2",
          "1",
          "1",
          "2",
          "1",
          "1"
        ]
      }
    }
  },
  "transitions": {
    "3": {
      "a & b & c": 5,
      "a & b & !c": 2,
      "a & c & !b": 0,
      "a & !b & !c": 7,
      "b & c & !a": 4,
      "b & !a & !c": 1,
      "c & !a & !b": 6,
      "!a & !b & !c": 3
    },
    "6": {
      "a & b": 5,
      "a & !b": 0,
      "b & !a": 4,
      "!a & !b": 6
    },
    "4": {
      "a": 5,
      "!a": 4
    },
    "5": {
      "true": 5
    },
    "0": {
      "b": 5,
      "!b": 0
    },
    "1": {
      "a & c": 5,
      "a & !c": 2,
      "c & !a": 4,
      "!a & !c": 1
    },
    "2": {
      "c": 5,
      "!c": 2
    },
    "7": {
      "b & c": 5,
      "b & !c": 2,
      "c & !b": 0,
      "!b & !c": 7
    }
  },
  "init_state": 3,
  "pref_graph": {
    "nodes": {
      "(1, 0, 0, 0, 0, 0)": {
        "__type__": "set",
        "__value__": [
          0,
          2,
          5,
          7
        ]
      },
      "(0, 1, 0, 0, 0, 0)": {
        "__type__": "set",
        "__value__": [
          1
        ]
      },
      "(0, 0, 0, 1, 1, 0)": {
        "__type__": "set",
        "__value__": [
          3
        ]
      },
      "(0, 1, 1, 0, 0, 0)": {
        "__type__": "set",
        "__value__": [
          4
        ]
      },
      "(0, 0, 1, 1, 0, 0)": {
        "__type__": "set",
        "__value__": [
          6
        ]
      },
      "(0, 0, 0, 0, 0, 0)": {
        "__type__": "set",
        "__value__": []
      }
    },
    "edges": {
      "(1, 0, 0, 0, 0, 0)": {
        "__type__": "set",
        "__value__": [
          "(1, 0, 0, 0, 0, 0)"
        ]
      },
      "(0, 1, 0, 0, 0, 0)": {
        "__type__": "set",
        "__value__": [
          "(1, 0, 0, 0, 0, 0)",
          "(0, 1, 0, 0, 0, 0)"
        ]
      },
      "(0, 0, 0, 1, 1, 0)": {
        "__type__": "set",
        "__value__": [
          "(0, 0, 0, 1, 1, 0)",
          "(0, 1, 1, 0, 0, 0)",
          "(1, 0, 0, 0, 0, 0)",
          "(0, 0, 1, 1, 0, 0)",
          "(0, 1, 0, 0, 0, 0)"
        ]
      },
      "(0, 1, 1, 0, 0, 0)": {
        "__type__": "set",
        "__value__": [
          "(0, 1, 1, 0, 0, 0)",
          "(1, 0, 0, 0, 0, 0)",
          "(0, 1, 0, 0, 0, 0)"
        ]
      },
      "(0, 0, 1, 1, 0, 0)": {
        "__type__": "set",
        "__value__": [
          "(0, 1, 1, 0, 0, 0)",
          "(0, 0, 1, 1, 0, 0)",
          "(1, 0, 0, 0, 0, 0)",
          "(0, 1, 0, 0, 0, 0)"
        ]
      },
      "(0, 0, 0, 0, 0, 0)": {
        "__type__": "set",
        "__value__": [
          "(0, 0, 0, 1, 1, 0)",
          "(0, 1, 1, 0, 0, 0)",
          "(0, 0, 0, 0, 0, 0)",
          "(1, 0, 0, 0, 0, 0)",
          "(0, 0, 1, 1, 0, 0)",
          "(0, 1, 0, 0, 0, 0)"
        ]
      }
    }
  },
  "alphabet": [
    "c",
    "a",
    "b"
  ]
}